{
    "1": 395.0998740196228,
    "2": 277.54922318458557,
    "3": 229.25687074661255,
    "4": 221.68020606040955
}